fighter,weight_class
Max Holloway,Featherweight
Cris Cyborg,Women's Featherweight
Geoff Neal,Welterweight
Olivier Aubin-Mercier,Lightweight
Marc-Andre Barriault,Middleweight
Alexis Davis,Women's Flyweight
Hakeem Dawodu,Featherweight
Gavin Tucker,Featherweight
Alexandre Pantoja,Flyweight
Gillian Robertson,Women's Flyweight
Erik Koch,Welterweight
Rafael Dos Anjos,Welterweight
Aleksei Oleinik,Heavyweight
Greg Hardy,Heavyweight
James Vick,Lightweight
Alexander Hernandez,Lightweight
Andrei Arlovski,Heavyweight
Alex Caceres,Featherweight
Raquel Pennington,Women's Bantamweight
Sam Alvey,Light Heavyweight
Roxanne Modafferi,Women's Flyweight
Ray Borg,Bantamweight
Mario Bautista,Bantamweight
Domingo Pilarte,Bantamweight
Germaine de Randamie,Women's Bantamweight
Urijah Faber,Bantamweight
Josh Emmett,Featherweight
Karl Roberson,Middleweight
Marvin Vettori,Middleweight
Mike Rodriguez,Light Heavyweight
Andre Fili,Featherweight
Julianna Pena,Women's Bantamweight
Darren Elkins,Featherweight
Liu Pingyuan,Bantamweight
Livinha Souza,Women's Strawweight
Benito Lopez,Bantamweight
Jon Jones,Light Heavyweight
Amanda Nunes,Women's Bantamweight
Jorge Masvidal,Welterweight
Jan Blachowicz,Light Heavyweight
Diego Sanchez,Welterweight
Gilbert Melendez,Featherweight
Marlon Vera,Bantamweight
Claudia Gadelha,Women's Strawweight
Alejandro Perez,Bantamweight
Edmen Shahbazyan,Middleweight
Ismail Naurdiev,Welterweight
Julia Avila,Women's Bantamweight
Francis Ngannou,Heavyweight
Jussier Formiga,Flyweight
Demian Maia,Welterweight
Roosevelt Roberts,Lightweight
Drew Dober,Lightweight
Alonzo Menifield,Light Heavyweight
Ricardo Ramos,Bantamweight
Eryk Anders,Light Heavyweight
Jared Gordon,Lightweight
Dalcha Lungiambula,Light Heavyweight
Emily Whitmire,Women's Strawweight
Maurice Greene,Heavyweight
Renato Moicano,Featherweight
Bryan Barberena,Welterweight
Andre Ewell,Bantamweight
Andrea Lee,Women's Flyweight
Kevin Holland,Middleweight
Dan Ige,Featherweight
Ashley Yoder,Women's Strawweight
Matt Wiman,Lightweight
Allen Crowder,Heavyweight
Ariane Lipski,Women's Flyweight
Deron Winn,Middleweight
Henry Cejudo,Bantamweight
Valentina Shevchenko,Women's Flyweight
Tony Ferguson,Lightweight
Jimmie Rivera,Bantamweight
Tai Tuivasa,Heavyweight
Tatiana Suarez,Women's Strawweight
Aljamain Sterling,Bantamweight
Karolina Kowalkiewicz,Women's Strawweight
Ricardo Lamas,Featherweight
Yan Xiaonan,Women's Strawweight
Bevon Lewis,Middleweight
Eddie Wineland,Bantamweight
Katlyn Chookagian,Women's Flyweight
Alexander Gustafsson,Light Heavyweight
Jimi Manuwa,Light Heavyweight
Makwan Amirkhani,Featherweight
Damir Hadzovic,Lightweight
Daniel Teymur,Featherweight
Rostem Akman,Welterweight
Tonya Evinger,Women's Bantamweight
Stevie Ray,Lightweight
Nick Hein,Lightweight
Bea Malecki,Women's Bantamweight
Darko Stosic,Light Heavyweight
Joel Alvarez,Lightweight
Antonio Carlos Junior,Middleweight
Megan Anderson,Women's Featherweight
Vicente Luque,Welterweight
Charles Oliveira,Lightweight
Davi Ramos,Lightweight
Aspen Ladd,Women's Bantamweight
Desmond Green,Lightweight
Danny Roberts,Welterweight
Michael Trizano,Featherweight
Patrick Cummins,Light Heavyweight
Zak Cummings,Middleweight
Julio Arce,Featherweight
Rose Namajunas,Women's Strawweight
Jared Cannonier,Middleweight
Jose Aldo,Featherweight
Thiago Alves,Welterweight
Irene Aldana,Women's Bantamweight
Rogerio Nogueira,Light Heavyweight
Thiago Moises,Lightweight
Warlley Alves,Welterweight
BJ Penn,Lightweight
Luana Carolina,Women's Flyweight
Raoni Barcelos,Bantamweight
Talita Bernardo,Women's Bantamweight
Al Iaquinta,Lightweight
Derek Brunson,Middleweight
Cub Swanson,Featherweight
Brad Katona,Bantamweight
Walt Harris,Heavyweight
Macy Chiasson,Women's Bantamweight
Aiemann Zahabi,Bantamweight
Nordine Taleb,Welterweight
Kyle Nelson,Featherweight
Arjan Bhullar,Heavyweight
Mitch Gagnon,Bantamweight
Jacare Souza,Middleweight
Alex Oliveira,Welterweight
Glover Teixeira,Light Heavyweight
John Lineker,Bantamweight
Ben Saunders,Welterweight
Carla Esparza,Women's Strawweight
Gilbert Burns,Lightweight
Jim Miller,Lightweight
Angela Hill,Women's Strawweight
Court McGee,Welterweight
Alistair Overeem,Heavyweight
Islam Makhachev,Lightweight
Sergei Pavlovich,Heavyweight
Krzysztof Jotko,Middleweight
Movsar Evloev,Featherweight
Sultan Aliev,Welterweight
Alexander Yakovlev,Lightweight
Marcin Tybura,Heavyweight
Gadzhimurad Antigulov,Light Heavyweight
Magomed Mustafaev,Lightweight
Max Holloway,Lightweight
Kelvin Gastelum,Middleweight
Alan Jouban,Welterweight
Ovince Saint Preux,Light Heavyweight
Jalin Turner,Lightweight
Wilson Reis,Flyweight
Max Griffin,Welterweight
Boston Salmon,Bantamweight
Curtis Millender,Welterweight
Montel Jackson,Bantamweight
Lauren Mueller,Women's Flyweight
Brandon Davis,Bantamweight
Edson Barboza,Lightweight
David Branch,Middleweight
Kennedy Nzechukwu,Light Heavyweight
Sodiq Yusuff,Featherweight
Marina Rodriguez,Women's Strawweight
Ross Pearson,Lightweight
Enrique Barzola,Featherweight
Sabina Mazo,Women's Flyweight
Alex Perez,Bantamweight
Stephen Thompson,Welterweight
Curtis Blaydes,Heavyweight
John Makdessi,Lightweight
Luis Pena,Featherweight
Maycee Barber,Women's Flyweight
Bryce Mitchell,Featherweight
Randa Markos,Women's Strawweight
Ryan MacDonald,Bantamweight
Eric Shelton,Flyweight
Darren Till,Welterweight
Leon Edwards,Welterweight
Volkan Oezdemir,Light Heavyweight
Nathaniel Wood,Bantamweight
Jack Marshman,Middleweight
Arnold Allen,Featherweight
Marc Diakiese,Lightweight
Nicolae Negumereanu,Light Heavyweight
Danny Henry,Featherweight
Molly McCann,Women's Flyweight
Mike Grundy,Featherweight
Derrick Lewis,Heavyweight
Elizeu Zaleski dos Santos,Welterweight
Tim Means,Welterweight
Blagoy Ivanov,Heavyweight
Beneil Dariush,Lightweight
Tim Boetsch,Middleweight
Anthony Rocco Martin,Welterweight
Marion Reneau,Women's Bantamweight
Grant Dawson,Featherweight
Louis Smolka,Bantamweight
Alex Morono,Welterweight
Alex White,Lightweight
Tyron Woodley,Welterweight
Robbie Lawler,Welterweight
Tecia Torres,Women's Strawweight
Cody Garbrandt,Bantamweight
Jeremy Stephens,Featherweight
Misha Cirkunov,Light Heavyweight
Cody Stamann,Bantamweight
Gina Mazany,Women's Bantamweight
Polyana Viana,Women's Strawweight
Stefan Struve,Heavyweight
Gian Villante,Light Heavyweight
Liz Carmouche,Women's Flyweight
John Dodson,Bantamweight
Magomed Ankalaev,Light Heavyweight
Dwight Grant,Welterweight
Veronica Macedo,Women's Flyweight
Michel Prazeres,Welterweight
Rustam Khabilov,Lightweight
Damir Ismagulov,Lightweight
Cortney Casey,Women's Strawweight
Ashlee Evans-Smith,Women's Flyweight
Scott Holtzman,Lightweight
Renan Barao,Bantamweight
Alexandra Albu,Women's Strawweight
Israel Adesanya,Middleweight
Lando Vannata,Lightweight
Rani Yahya,Bantamweight
Montana De La Rosa,Women's Flyweight
Jimmy Crute,Light Heavyweight
Devonte Smith,Lightweight
Shane Young,Featherweight
Kai Kara-France,Flyweight
Teruto Ishihara,Bantamweight
Callan Potter,Lightweight
Wuliji Buren,Bantamweight
Raphael Assuncao,Bantamweight
Johnny Walker,Light Heavyweight
Markus Perez,Middleweight
Mara Romero Borella,Women's Flyweight
Junior Albini,Heavyweight
Geraldo de Freitas,Featherweight
Magomed Bibulatov,Flyweight
Henry Cejudo,Flyweight
Gregor Gillespie,Lightweight
Joseph Benavidez,Flyweight
Paige VanZant,Women's Flyweight
Joanne Calderwood,Women's Flyweight
Cory Sandhagen,Bantamweight
Dennis Bermudez,Lightweight
Belal Muhammad,Welterweight
Kyle Stewart,Welterweight
Carlos Condit,Welterweight
Ilir Latifi,Light Heavyweight
Chad Mendes,Featherweight
Cat Zingano,Women's Featherweight
Douglas Silva de Andrade,Bantamweight
Uriah Hall,Middleweight
Brian Kelleher,Bantamweight
Kevin Lee,Lightweight
Rob Font,Bantamweight
Zak Ottow,Welterweight
Bobby Green,Lightweight
Gerald Meerschaert,Middleweight
Trevor Smith,Middleweight
Adam Milstead,Light Heavyweight
Chris de la Rocha,Heavyweight
Elias Theodorou,Middleweight
Chad Laprise,Welterweight
Diego Ferreira,Lightweight
Devin Clark,Light Heavyweight
Junior Dos Santos,Heavyweight
Mauricio Rua,Light Heavyweight
Mark Hunt,Heavyweight
Jake Matthews,Welterweight
Suman Mokhtarian,Featherweight
Yushin Okami,Welterweight
Keita Nakamura,Welterweight
Elias Garcia,Flyweight
Mizuto Hirota,Lightweight
Alex Gorgees,Lightweight
Juan Espino,Heavyweight
Pannie Kianzad,Women's Featherweight
Pedro Munhoz,Bantamweight
Darren Stewart,Middleweight
Ji Yeon Kim,Women's Flyweight
Rick Glenn,Featherweight
Julija Stoliarenko,Women's Featherweight
Song Yadong,Bantamweight
Li Jingliang,Welterweight
Song Kenan,Welterweight
Wu Yanan,Women's Flyweight
Hu Yaozong,Light Heavyweight
Weili Zhang,Women's Strawweight
Su Mudaerji,Bantamweight
Neil Magny,Welterweight
Khalil Rountree Jr.,Light Heavyweight
Cezar Ferreira,Middleweight
Guido Cannetti,Bantamweight
Cynthia Calvillo,Women's Strawweight
Humberto Bandenay,Featherweight
Laureano Staropoli,Welterweight
Devin Powell,Lightweight
Nad Narimani,Featherweight
Chan Sung Jung,Featherweight
Donald Cerrone,Welterweight
Maycee Barber,Women's Strawweight
Michael Trizano,Lightweight
Chas Skelly,Featherweight
Joseph Morales,Flyweight
Mark De La Rosa,Bantamweight
Daniel Cormier,Heavyweight
Chris Weidman,Middleweight
Jason Knight,Featherweight
Sijara Eubanks,Women's Flyweight
Lyman Good,Welterweight
Matt Frevola,Lightweight
Shane Burgos,Featherweight
Adam Wieczorek,Heavyweight
Michael Johnson,Featherweight
Andre Soukhamthath,Bantamweight
Alex Garcia,Welterweight
Thibault Gouti,Lightweight
Calvin Kattar,Featherweight
Sarah Moras,Women's Bantamweight
Te Edwards,Lightweight
Khabib Nurmagomedov,Lightweight
Michelle Waterson,Women's Strawweight
Sergio Pettis,Flyweight
Lina Lansberg,Women's Bantamweight
Gray Maynard,Lightweight
Ryan LaFlare,Welterweight
Thiago Santos,Light Heavyweight
Francisco Trinaldo,Lightweight
Luis Henrique,Light Heavyweight
Augusto Sakai,Heavyweight
Sergio Moraes,Welterweight
Mayra Bueno Silva,Women's Flyweight
Thales Leites,Middleweight
Aleksei Kunchenko,Welterweight
Khalid Murtazaliev,Middleweight
Petr Yan,Bantamweight
Mairbek Taisumov,Lightweight
Adam Yandiev,Middleweight
Ramazan Emeev,Welterweight
Merab Dvalishvili,Bantamweight
Jessica Andrade,Women's Strawweight
Zabit Magomedsharipov,Featherweight
Abdul Razak Alhassan,Welterweight
Charles Byrd,Middleweight
Roberto Sanchez,Flyweight
Justin Gaethje,Lightweight
Jake Ellenberger,Welterweight
John Moraga,Flyweight
Eryk Anders,Middleweight
James Krause,Welterweight
Andrew Sanchez,Middleweight
Mickey Gall,Welterweight
TJ Dillashaw,Bantamweight
Demetrious Johnson,Flyweight
Thiago Santos,Middleweight
Ricky Simon,Bantamweight
Matt Sayles,Featherweight
Alex Perez,Flyweight
Danielle Taylor,Women's Strawweight
Eddie Alvarez,Lightweight
Joanna Jedrzejczyk,Women's Strawweight
Jordan Mein,Welterweight
Kajan Johnson,Lightweight
Dustin Ortiz,Flyweight
Vitor Miranda,Middleweight
Nasrat Haqparast,Lightweight
Emil Meek,Welterweight
Khalid Taha,Featherweight
Justin Ledet,Light Heavyweight
Davey Grant,Bantamweight
Jeremy Kimball,Light Heavyweight
Damian Stasiak,Bantamweight
Sage Northcutt,Welterweight
Dennis Bermudez,Featherweight
Randy Brown,Welterweight
Myles Jury,Featherweight
Cat Zingano,Women's Bantamweight
Justin Scoggins,Flyweight
Kurt Holobaugh,Featherweight
Mark De La Rosa,Flyweight
Jessica Aguilar,Women's Strawweight
Stipe Miocic,Heavyweight
Paul Felder,Welterweight
Michael Chiesa,Lightweight
Gokhan Saki,Light Heavyweight
Dan Hooker,Lightweight
Jamie Moyle,Women's Strawweight
Brad Tavares,Middleweight
Jay Cucciniello,Featherweight
Alessio Di Chirico,Middleweight
Luis Pena,Lightweight
John Gunther,Lightweight
Tyler Diamond,Featherweight
Matt Bessette,Featherweight
Jessica-Rose Clark,Women's Flyweight
Felipe Arantes,Bantamweight
Rolando Dy,Featherweight
Shinsho Anzai,Welterweight
Viviane Pereira,Women's Strawweight
Matt Schnell,Flyweight
Jenel Lausa,Flyweight
Robert Whittaker,Middleweight
Holly Holm,Women's Featherweight
CM Punk,Welterweight
Rashad Coulter,Heavyweight
Rashad Evans,Light Heavyweight
Clay Guida,Lightweight
Mike Santiago,Featherweight
Nik Lentz,Lightweight
Johnny Eduardo,Bantamweight
Jarred Brooks,Flyweight
Claudio Silva,Welterweight
Eric Spicely,Middleweight
Daniel Kelly,Middleweight
Bradley Scott,Welterweight
Alexa Grasso,Women's Strawweight
Jared Cannonier,Light Heavyweight
Diego Rivas,Bantamweight
Zak Cummings,Welterweight
Brandon Moreno,Flyweight
Poliana Botelho,Women's Strawweight
Gabriel Benitez,Featherweight
Henry Briones,Bantamweight
Claudio Puelles,Lightweight
Mackenzie Dern,Women's Strawweight
Vitor Belfort,Middleweight
Alberto Mina,Welterweight
Frankie Edgar,Featherweight
Justin Willis,Heavyweight
Siyar Bahadurzada,Welterweight
Corey Anderson,Light Heavyweight
Dustin Poirier,Lightweight
Muslim Salikhov,Welterweight
Shana Dobson,Women's Flyweight
Dhiego Lima,Welterweight
Matthew Lopez,Bantamweight
Luke Sanders,Bantamweight
Joe Lauzon,Lightweight
Evan Dunham,Lightweight
Bec Rawlings,Women's Flyweight
Fabricio Werdum,Heavyweight
Tom Duquesnoy,Bantamweight
John Phillips,Middleweight
Paul Craig,Light Heavyweight
Mark Godbeer,Heavyweight
Sean O'Malley,Bantamweight
CB Dollaway,Middleweight
Mike Pyle,Welterweight
Bryan Caraway,Bantamweight
Jordan Johnson,Light Heavyweight
Mike Perry,Welterweight
Sara McMann,Women's Bantamweight
Maryna Moroz,Women's Strawweight
Albert Morales,Bantamweight
Steven Peterson,Featherweight
Sage Northcutt,Lightweight
Joshua Burkman,Welterweight
Oskar Piechota,Middleweight
Yoel Romero,Middleweight
Tyson Pedro,Light Heavyweight
Damien Brown,Lightweight
Rob Wilkinson,Middleweight
Alexander Volkanovski,Featherweight
Luke Jumeau,Welterweight
Lyoto Machida,Middleweight
Michel Prazeres,Lightweight
Tim Johnson,Heavyweight
Alan Patrick,Lightweight
Maia Stevenson,Women's Strawweight
Iuri Alcantara,Bantamweight
Deiveson Figueiredo,Flyweight
Jordan Rinaldi,Lightweight
Drew Dober,Welterweight
Erik Koch,Lightweight
Mirsad Bektic,Featherweight
Justine Kish,Women's Flyweight
Vinc Pichel,Lightweight
Niko Price,Welterweight
Austin Arnett,Featherweight
Daniel Cormier,Light Heavyweight
Thomas Almeida,Bantamweight
Kyle Bochniak,Featherweight
Sabah Homasi,Welterweight
Kamaru Usman,Welterweight
James Krause,Lightweight
Kyung Ho Kang,Bantamweight
Kalindra Faria,Women's Flyweight
Mads Burnell,Featherweight
Louis Smolka,Flyweight
Tim Elliott,Bantamweight
Santiago Ponzinibbio,Welterweight
Julian Marquez,Middleweight
Marlon Moraes,Bantamweight
Carls John De Tomas,Bantamweight
Frankie Saenz,Bantamweight
Chris Gruetzemacher,Lightweight
Antonio Braga Neto,Middleweight
David Teymur,Lightweight
Felice Herrig,Women's Strawweight
Amanda Cooper,Women's Strawweight
Nicco Montano,Women's Flyweight
Barb Honchak,Women's Flyweight
DeAnna Bennett,Women's Flyweight
Joe Soto,Bantamweight
Christina Marks,Women's Flyweight
Karine Gevorgyan,Women's Flyweight
Ariel Beck,Women's Flyweight
Michael Bisping,Middleweight
Wang Guan,Featherweight
Kailin Curran,Women's Strawweight
Song Yadong,Featherweight
Chase Sherman,Heavyweight
Wu Yanan,Women's Bantamweight
Wuliji Buren,Featherweight
Cyril Asker,Heavyweight
Alexander Volkanovski,Catch Weight
Ryan Benoit,Flyweight
Alex Chambers,Women's Strawweight
Anthony Hamilton,Heavyweight
Matt Brown,Welterweight
Nate Marquardt,Middleweight
Jake Collier,Light Heavyweight
Johny Hendricks,Middleweight
Hacran Dias,Lightweight
Marcelo Golm,Heavyweight
Marcin Held,Lightweight
Sam Alvey,Middleweight
Artem Lobov,Featherweight
Salim Touahri,Welterweight
Felipe Arantes,Featherweight
Pearl Gonzalez,Women's Strawweight
Takanori Gomi,Lightweight
Teruto Ishihara,Featherweight
Syuri Kondo,Women's Strawweight
Daichi Abe,Welterweight
Luke Rockhold,Middleweight
Hector Lombard,Middleweight
Justin Ledet,Heavyweight
Anthony Rocco Martin,Lightweight
Jason Saggo,Lightweight
Mitch Clarke,Lightweight
Luis Henrique,Heavyweight
Alexander Volkov,Heavyweight
Siyar Bahadurzada,Middleweight
Francimar Barroso,Light Heavyweight
Bojan Mihajlovic,Light Heavyweight
Martin Bravo,Featherweight
Bradley Scott,Middleweight
Jose Quinonez,Bantamweight
Alvaro Herrera,Lightweight
Aljamain Sterling,Catch Weight
Brian Ortega,Featherweight
Joshua Burkman,Lightweight
Rafael Natal,Middleweight
Damian Grabowski,Heavyweight
Frankie Perez,Lightweight
Gunnar Nelson,Welterweight
Joanne Calderwood,Women's Strawweight
James Mulheron,Heavyweight
Charlie Ward,Welterweight
Danny Henry,Lightweight
Brett Johns,Bantamweight
Leslie Smith,Women's Bantamweight
Daniel Omielanczuk,Heavyweight
Anthony Pettis,Lightweight
Travis Browne,Heavyweight
Cody Stamann,Featherweight
Trevin Giles,Light Heavyweight
Michael Johnson,Lightweight
Ed Herman,Light Heavyweight
Gray Maynard,Featherweight
BJ Penn,Featherweight
Jared Gordon,Featherweight
Josh Stansbury,Light Heavyweight
Holly Holm,Women's Bantamweight
Dong Hyun Kim,Welterweight
Tarec Saffiedine,Welterweight
Kwan Ho Kwak,Bantamweight
Naoki Inoue,Flyweight
Ji Yeon Kim,Women's Bantamweight
Ion Cutelaba,Light Heavyweight
Tim Elliott,Flyweight
Kiichi Kunimoto,Welterweight
JJ Aldrich,Women's Strawweight
Paulo Costa,Middleweight
Erick Silva,Welterweight
Luan Chagas,Welterweight
Peter Sobotta,Welterweight
Oliver Enkamp,Welterweight
Jack Hermansson,Middleweight
Reza Madadi,Lightweight
Nico Musoke,Welterweight
Joachim Christensen,Light Heavyweight
Jessica Penne,Women's Strawweight
Alexis Davis,Women's Bantamweight
Hector Sandoval,Flyweight
Patrick Williams,Bantamweight
Anthony Smith,Middleweight
Ashlee Evans-Smith,Women's Bantamweight
Will Brooks,Lightweight
Josh Emmett,Lightweight
Katlyn Chookagian,Women's Bantamweight
Brad Pickett,Catch Weight
Joe Duffy,Lightweight
Darren Stewart,Light Heavyweight
Bethe Correia,Women's Bantamweight
Rony Jason,Featherweight
Garreth McLellan,Middleweight
Rashad Evans,Middleweight
Sam Sicilia,Featherweight
Paul Felder,Lightweight
Anderson Silva,Middleweight
Abel Trujillo,Lightweight
Adam Milstead,Heavyweight
Daniel Jolly,Light Heavyweight
Valentina Shevchenko,Women's Bantamweight
Bobby Nash,Welterweight
Henrique da Silva,Light Heavyweight
Marcos Rogerio de Lima,Light Heavyweight
Jason Gonzalez,Lightweight
Yair Rodriguez,Featherweight
Jocelyn Jones-Lybarger,Women's Strawweight
Dmitrii Smoliakov,Heavyweight
Dominick Cruz,Bantamweight
Johny Hendricks,Welterweight
Brandon Thatch,Welterweight
Paige VanZant,Women's Strawweight
Cole Miller,Featherweight
James Moontasri,Welterweight
Bojan Velickovic,Welterweight
Tim Kennedy,Middleweight
Nikita Krylov,Light Heavyweight
Valerie Letourneau,Women's Strawweight
Zach Makovsky,Flyweight
Justine Kish,Women's Strawweight
Joe Gigliotti,Middleweight
Tiago Trator,Featherweight
Keith Berish,Middleweight
Juliana Lima,Women's Strawweight
Dong Hyun Ma,Lightweight
Elvis Mutapcic,Middleweight
Jake Matthews,Lightweight
Kyle Noke,Welterweight
Yusuke Kasuya,Lightweight
Seohee Ham,Women's Strawweight
Richard Walsh,Welterweight
Ben Nguyen,Flyweight
Dan Hooker,Featherweight
Marlon Vera,Featherweight
Yao Zhikui,Flyweight
Ryan Bader,Light Heavyweight
Gegard Mousasi,Middleweight
Magnus Cedenblad,Middleweight
Kyoji Horiguchi,Flyweight
Anna Elmose,Women's Strawweight
Miesha Tate,Women's Bantamweight
Jim Miller,Catch Weight
Liz Carmouche,Women's Bantamweight
Rafael Dos Anjos,Lightweight
Diego Sanchez,Lightweight
Martin Bravo,Lightweight
Erik Perez,Bantamweight
Marco Beltran,Catch Weight
Erick Montano,Welterweight
Polo Reyes,Lightweight
Brad Pickett,Bantamweight
Lukasz Sajewski,Lightweight
Leonardo Santos,Lightweight
Hacran Dias,Featherweight
Shamil Abdurakhimov,Heavyweight
Jonathan Wilson,Light Heavyweight
Cody East,Heavyweight
Kelly Faszholz,Women's Bantamweight
Cris Cyborg,Catch Weight
Renan Barao,Featherweight
Roy Nelson,Heavyweight
Godofredo Pepey,Featherweight
Glaico Franca,Lightweight
Roan Carneiro,Welterweight
Chris Wade,Lightweight
Augusto Montano,Welterweight
Jessica Eye,Women's Bantamweight
Yancy Medeiros,Welterweight
Jessin Ayari,Welterweight
Taylor Lapilus,Bantamweight
Jarjis Danho,Heavyweight
Scott Askham,Middleweight
Anthony Pettis,Featherweight
Shane Campbell,Lightweight
Chad Laprise,Lightweight
Jeremy Kennedy,Lightweight
Nate Diaz,Welterweight
Anthony Johnson,Light Heavyweight
Rick Story,Welterweight
Hyun Gyu Lim,Welterweight
Colby Covington,Welterweight
Alberto Uda,Middleweight
Viktor Pesta,Heavyweight
Francisco Rivera,Bantamweight
Ross Pearson,Welterweight
Michael Graves,Welterweight
Cesar Arzamendia,Lightweight
Jim Alers,Featherweight
Michael McDonald,Bantamweight
Lauren Murphy,Women's Bantamweight
Devin Clark,Middleweight
Brock Lesnar,Heavyweight
Cain Velasquez,Heavyweight
Andrew Sanchez,Light Heavyweight
Dooho Choi,Featherweight
Joaquim Silva,Lightweight
Cory Hendricks,Light Heavyweight
Anthony Birchak,Bantamweight
Russell Doane,Bantamweight
Marco Beltran,Bantamweight
Rory MacDonald,Welterweight
Steve Bosse,Light Heavyweight
Valerie Letourneau,Women's Flyweight
Tamdan McCrory,Middleweight
Chris Beal,Bantamweight
Ali Bagautinov,Flyweight
Dan Henderson,Middleweight
Sean Strickland,Welterweight
Kevin Casey,Middleweight
Chris Camozzi,Middleweight
Jake Collier,Middleweight
Antonio Silva,Heavyweight
Albert Tumenov,Welterweight
Jon Tuck,Lightweight
Yan Cabral,Lightweight
Ulka Sasaki,Flyweight
Efrain Escudero,Lightweight
Khabib Nurmagomedov,Catch Weight
Oluwale Bamgbose,Middleweight
Ben Rothwell,Heavyweight
Igor Pokrajac,Light Heavyweight
Nicolas Dalby,Welterweight
Ian Entwistle,Bantamweight
Filip Pejic,Bantamweight
Rob Whiteford,Featherweight
Jared Cannonier,Heavyweight
Hector Lombard,Welterweight
James Te Huna,Light Heavyweight
Bec Rawlings,Women's Strawweight
Brendan O'Reilly,Welterweight
Conor McGregor,Welterweight
Julian Erosa,Featherweight
Tom Breese,Welterweight
Mike Wilkinson,Featherweight
Norman Parke,Lightweight
Teemu Packalen,Lightweight
Cody Garbrandt,Catch Weight
Daniel Sarafian,Middleweight
Jonavin Webb,Welterweight
Ray Borg,Flyweight
Noad Lahat,Featherweight
Josh Barnett,Heavyweight
George Sullivan,Welterweight
Matt Dwyer,Welterweight
Damon Jackson,Featherweight
Patrick Cote,Welterweight
Tim Boetsch,Light Heavyweight
Maximo Blanco,Featherweight
Charles Rosa,Featherweight
Lorenz Larkin,Welterweight
Diego Brandao,Featherweight
Sheldon Westcott,Welterweight
Charles Oliveira,Featherweight
Sarah Kaufman,Women's Bantamweight
Josh Samman,Middleweight
Hayder Hassan,Welterweight
Joe Proctor,Lightweight
Artem Lobov,Lightweight
Tatsuya Kawajiri,Featherweight
Julian Erosa,Lightweight
Gabriel Gonzaga,Heavyweight
Joby Sanchez,Flyweight
Omari Akhmedov,Welterweight
Zubaira Tukhugov,Featherweight
Benson Henderson,Welterweight
Yoshihiro Akiyama,Welterweight
Dongi Yang,Middleweight
Yui Chul Nam,Featherweight
Tae Hyun Bang,Lightweight
Ning Guangyou,Bantamweight
Dominique Steele,Welterweight
Horacio Gutierrez,Lightweight
Hector Urbina,Welterweight
Vernon Ramos,Welterweight
Valmir Lazaro,Lightweight
Ronda Rousey,Women's Bantamweight
Anthony Perosh,Light Heavyweight
Richie Vaculik,Flyweight
Alex Oliveira,Lightweight
Fabio Maldonado,Light Heavyweight
Gleison Tibau,Lightweight
Clay Guida,Featherweight
Kevin Souza,Featherweight
Viscardi Andrade,Welterweight
Bruno Korea,Bantamweight
Paddy Holohan,Flyweight
Neil Seery,Flyweight
Aisling Daly,Women's Strawweight
Cathal Pendred,Welterweight
Bubba Bush,Middleweight
Shawn Jordan,Heavyweight
Adriano Martins,Lightweight
Francisco Trevino,Lightweight
Chris Cariaso,Flyweight
Takeya Mizugaki,Bantamweight
Katsunori Kikuno,Featherweight
Mizuto Hirota,Featherweight
Naoyuki Kotani,Lightweight
Jessica Andrade,Women's Bantamweight
Clay Collard,Featherweight
Joe Riggs,Middleweight
Sam Stout,Lightweight
Yves Jabouin,Bantamweight
Chris Kelades,Flyweight
Jared Rosholt,Heavyweight
Chris Dempsey,Light Heavyweight
Anthony Christodoulou,Lightweight
Reginaldo Vieira,Bantamweight
Rafael Feijao,Light Heavyweight
Hugo Viana,Bantamweight
Kenny Robertson,Welterweight
Daron Cruickshank,Lightweight
Ramsey Nijem,Lightweight
Jessamyn Duke,Women's Bantamweight
Mickael Lebout,Lightweight
Marcus Brimage,Bantamweight
Frank Mir,Heavyweight
Josh Thomson,Lightweight
Scott Jorgensen,Bantamweight
Igor Araujo,Welterweight
Andrew Craig,Welterweight
Angela Magana,Women's Strawweight
Dan Miller,Middleweight
Darrell Montague,Flyweight
Mike Swick,Welterweight
Yosdenis Cedeno,Lightweight
Leandro Silva,Welterweight
Steve Montgomery,Welterweight
Danny Martinez,Bantamweight
Dennis Siver,Featherweight
Alan Omer,Featherweight
Niklas Backstrom,Featherweight
Piotr Hallmann,Lightweight
Gilbert Melendez,Lightweight
Thiago Tavares,Featherweight
Brian Ebersole,Welterweight
Ricardo Abreu,Middleweight
Nik Lentz,Featherweight
KJ Noons,Welterweight
Wendell Oliveira,Welterweight
Lucas Martins,Featherweight
Luiz Dutra,Welterweight
Donald Cerrone,Lightweight
John Dodson,Flyweight
Mark Munoz,Middleweight
Phillipe Nover,Featherweight
Mark Eddiva,Featherweight
Zhang Lipeng,Lightweight
Roldan Sangcha-an,Flyweight
Nolan Ticman,Flyweight
Hatsu Hioki,Featherweight
Dylan Andrews,Middleweight
Vik Grujic,Welterweight
Alptekin Ozkilic,Flyweight
Rampage Jackson,Catch Weight
John Makdessi,Catch Weight
Jessica Rakoczy,Women's Strawweight
Eddie Gordon,Middleweight
Pawel Pawlak,Welterweight
Seth Baczynski,Welterweight
Bartosz Fabinski,Middleweight
Damian Stasiak,Featherweight
Izabela Badurek,Women's Strawweight
Marcin Bandel,Lightweight
Taylor Lapilus,Featherweight
Jorge Masvidal,Lightweight
Ron Stallings,Middleweight
Leandro Silva,Lightweight
Leonardo Mafra,Lightweight
Jorge de Oliveira,Lightweight
Bentley Syler,Flyweight
Jake Lindsey,Lightweight
Larissa Pacheco,Women's Bantamweight
Roman Salazar,Bantamweight
Masio Fullen,Featherweight
William Patolino,Welterweight
Ivan Jorge,Lightweight
James Moontasri,Lightweight
Ed Herman,Middleweight
Ian McCall,Flyweight
Richardson Moreira,Middleweight
Phil Davis,Light Heavyweight
Akira Corassani,Featherweight
Andy Ogle,Featherweight
Conor McGregor,Featherweight
John Howard,Welterweight
Johnny Case,Lightweight
Matt Van Buren,Light Heavyweight
Tateki Matsuda,Flyweight
Danny Castillo,Lightweight
Alexis Dufresne,Women's Bantamweight
Antonio Carlos Junior,Light Heavyweight
Elias Silverio,Lightweight
Tom Niinimaki,Featherweight
Leandro Issa,Bantamweight
Marcio Alexandre Junior,Welterweight
Joe Riggs,Welterweight
Jamie Varner,Lightweight
Joe Ellenberger,Lightweight
David Michaud,Lightweight
KJ Noons,Lightweight
Emily Peters Kagan,Women's Strawweight
Todd Duffee,Heavyweight
Sergio Pettis,Bantamweight
Alex White,Featherweight
Brad Pickett,Flyweight
Ruslan Magomedov,Heavyweight
Luke Barnatt,Middleweight
Yves Edwards,Lightweight
Juan Puig,Featherweight
Edgar Garcia,Welterweight
Diego Rivas,Featherweight
Caio Magalhaes,Middleweight
Wagner Silva,Welterweight
Soa Palelei,Heavyweight
Luke Zachrich,Middleweight
Jumabieke Tuerxun,Bantamweight
Scott Jorgensen,Flyweight
Fabricio Camoes,Lightweight
Tor Troeng,Middleweight
Dustin Poirier,Featherweight
Manvel Gamburyan,Bantamweight
Myles Jury,Lightweight
Alex Caceres,Bantamweight
Michinori Tanaka,Bantamweight
Kazuki Tokudome,Lightweight
Paulo Thiago,Welterweight
Matt Mitrione,Heavyweight
Sean Soriano,Featherweight
Yancy Medeiros,Lightweight
Lorenz Larkin,Middleweight
Ruan Potts,Heavyweight
Benson Henderson,Lightweight
Francis Carmont,Middleweight
Max Holloway,Catch Weight
Aaron Phillips,Bantamweight
Ning Guangyou,Featherweight
Sai Wang,Welterweight
Roland Delorme,Bantamweight
An Ying Wang,Welterweight
Yao Zhikui,Bantamweight
Elizabeth Phillips,Women's Bantamweight
Tom Watson,Middleweight
Nolan Ticman,Bantamweight
Kyle Kingsbury,Light Heavyweight
Hernani Perpetuo,Welterweight
Mike de la Torre,Featherweight
Akbarh Arreola,Lightweight
Andreas Stahl,Welterweight
Steven Siler,Featherweight
Cathal Pendred,Middleweight
Cody Donovan,Light Heavyweight
Justin Salas,Lightweight
John Lineker,Flyweight
Dhiego Lima,Middleweight
Jesse Ronson,Lightweight
Patrick Walsh,Light Heavyweight
Sarah Moras,Catch Weight
Robert Drysdale,Light Heavyweight
George Roop,Bantamweight
Kelvin Gastelum,Welterweight
Clint Hester,Middleweight
Colton Smith,Lightweight
Johnny Bedford,Bantamweight
Marcelo Guimaraes,Middleweight
James Te Huna,Middleweight
Robert Whittaker,Welterweight
Chris Indich,Welterweight
Daniel Sarafian,Welterweight
Valerie Letourneau,Women's Bantamweight
Yaotzin Meza,Bantamweight
Bobby Voelker,Welterweight
Vitor Miranda,Heavyweight
Marcio Alexandre Junior,Middleweight
Rodrigo Damm,Lightweight
Marcos Rogerio de Lima,Heavyweight
Vaughan Lee,Bantamweight
Chris Holdsworth,Bantamweight
Anthony Njokuani,Lightweight
David Michaud,Welterweight
Costas Philippou,Middleweight
Yan Cabral,Welterweight
Manvel Gamburyan,Featherweight
Anthony Lapsley,Welterweight
Estevan Payan,Featherweight
Sheldon Westcott,Middleweight
Sam Stout,Welterweight
Ryan Jimmo,Light Heavyweight
Mark Bocek,Lightweight
Nordine Taleb,Middleweight
Minotauro Nogueira,Heavyweight
Ronny Markes,Middleweight
Thiago Perpetuo,Welterweight
Jake Shields,Welterweight
Sean Spencer,Welterweight
Renee Forte,Lightweight
Will Campuzano,Flyweight
Bubba McDaniel,Middleweight
Daniel Pineda,Featherweight
Cyrille Diabate,Light Heavyweight
Phil Harris,Flyweight
Nam Phan,Bantamweight
Albert Cheng,Welterweight
Jumabieke Tuerxun,Featherweight
Cody Gibson,Bantamweight
Rafaello Oliveira,Lightweight
Ernest Chavez,Lightweight
Cristiano Marcello,Lightweight
Ildemar Alcantara,Welterweight
Douglas Silva de Andrade,Featherweight
Nick Catone,Middleweight
Chico Camus,Bantamweight
Junior Hernandez,Bantamweight
Isaac Vallie-Flagg,Lightweight
Charlie Brenneman,Lightweight
Katsunori Kikuno,Lightweight
Royston Wee,Bantamweight
Dustin Kimura,Bantamweight
Chris Leben,Middleweight
Robert Peralta,Featherweight
Darren Uyenoyama,Flyweight
Pat Barry,Heavyweight
Julie Kedzie,Women's Bantamweight
Nick Ring,Middleweight
Bruno Santos,Middleweight
Ben Wall,Welterweight
Roxanne Modafferi,Women's Bantamweight
Rani Yahya,Featherweight
Joshua Sampo,Flyweight
Georges St-Pierre,Welterweight
Josh Koscheck,Welterweight
Jason High,Welterweight
Will Campuzano,Bantamweight
Vitor Belfort,Light Heavyweight
Thiago Perpetuo,Middleweight
Thiago Tavares,Lightweight
Jose Maria,Flyweight
Alessio Sakara,Middleweight
Rosi Sexton,Women's Bantamweight
Jimy Hettes,Featherweight
Nate Marquardt,Welterweight
George Sotiropoulos,Lightweight
TJ Waldburger,Welterweight
Jeremy Larsen,Featherweight
Dustin Pague,Bantamweight
Thiago Silva,Light Heavyweight
Rousimar Palhares,Welterweight
Iliarde Santos,Flyweight
Brendan Schaub,Heavyweight
Pat Healy,Lightweight
Mike Ricci,Lightweight
Ivan Menjivar,Bantamweight
Chris Clements,Welterweight
Nandor Guelmino,Heavyweight
Yushin Okami,Middleweight
Marcos Vinicius,Flyweight
Lucas Martins,Bantamweight
Joao Zeferino,Welterweight
Keith Wisniewski,Welterweight
Yuri Villefort,Welterweight
Erik Koch,Featherweight
Louis Gaudinot,Flyweight
Pascal Krauss,Welterweight
Ryan Couture,Lightweight
Jared Hamman,Middleweight
Justin Edwards,Welterweight
James Head,Welterweight
Roger Bowling,Lightweight
Mike Brown,Featherweight
Lyoto Machida,Light Heavyweight
Vinny Magalhaes,Light Heavyweight
Ednaldo Oliveira,Light Heavyweight
Mac Danzig,Lightweight
Aaron Riley,Lightweight
John Albert,Bantamweight
Mike Pierce,Welterweight
Sean Pierson,Welterweight
Rodrigo Damm,Featherweight
Colton Smith,Welterweight
Brian Bowles,Bantamweight
Lucas Martins,Lightweight
Leonard Garcia,Featherweight
Nate Diaz,Lightweight
Tim Means,Lightweight
Clifford Starks,Middleweight
Bristol Marunde,Middleweight
Justin Lawrence,Featherweight
Gegard Mousasi,Light Heavyweight
Chris Spang,Welterweight
Marcus Brimage,Featherweight
Benny Alloway,Welterweight
Michael Kuiper,Middleweight
Papy Abedi,Welterweight
Antonio Carvalho,Featherweight
Dan Miller,Welterweight
Wanderlei Silva,Light Heavyweight
Riki Fukuda,Middleweight
Marcelo Guimaraes,Welterweight
Jon Manley,Welterweight
Nah-Shon Burrell,Welterweight
Che Mills,Welterweight
Terry Etim,Lightweight
Paul Sass,Lightweight
Jon Fitch,Welterweight
Jacob Volkmann,Lightweight
Edwin Figueroa,Bantamweight
Rampage Jackson,Light Heavyweight
TJ Grant,Lightweight
Mike Stumpf,Welterweight
Mike Russow,Heavyweight
Simeon Thoresen,Welterweight
Diego Nunes,Featherweight
Wagner Prado,Light Heavyweight
Melvin Guillard,Lightweight
Philip De Fries,Heavyweight
Reuben Duran,Bantamweight
Mike Rio,Lightweight
Jared Papazian,Flyweight
Colin Fletcher,Lightweight
Brendan Loughnane,Lightweight
Nick Penner,Light Heavyweight
BJ Penn,Welterweight
Marcus LeVesseur,Lightweight
Mark Hominick,Featherweight
Patrick Cote,Middleweight
Matthew Riddle,Welterweight
Rich Franklin,Middleweight
Tiequan Zhang,Lightweight
Yasuhiro Urushitani,Flyweight
Anderson Silva,Light Heavyweight
Luiz Cane,Middleweight
Josh Neer,Welterweight
Aaron Simpson,Welterweight
Bart Palaszewski,Featherweight
Dan Hardy,Welterweight
John Hathaway,Welterweight
DaMarques Johnson,Catch Weight
Jason Young,Featherweight
Matt Hamill,Light Heavyweight
Jake Shields,Middleweight
Ken Stone,Bantamweight
Josh Grispi,Featherweight
Cheick Kongo,Heavyweight
Court McGee,Middleweight
Karlos Vemola,Middleweight
Damacio Page,Bantamweight
Forrest Griffin,Light Heavyweight
Cung Le,Middleweight
John Alessio,Lightweight
Wanderlei Silva,Catch Weight
Iuri Alcantara,Featherweight
Anistavio Medeiros,Featherweight
Delson Heleno,Middleweight
John Teixeira,Featherweight
Marcos Vinicius,Featherweight
Ross Pearson,Featherweight
Buddy Roberts,Middleweight
Henry Martinez,Lightweight
Jake Hecht,Welterweight
Jonathan Brookins,Featherweight
Justin Lawrence,Lightweight
Jason Miller,Middleweight
Amir Sadollah,Welterweight
Jason MacDonald,Middleweight
Cody McKenzie,Lightweight
Jeff Curran,Bantamweight
Alex Soto,Bantamweight
Rousimar Palhares,Middleweight
Mike Massenzio,Middleweight
Miguel Torres,Bantamweight
Brian Stann,Middleweight
DaMarques Johnson,Welterweight
Kyle Noke,Middleweight
Mackens Semerzier,Featherweight
Oli Thompson,Heavyweight
Frankie Edgar,Lightweight
Norifumi Yamamoto,Bantamweight
Tiequan Zhang,Featherweight
Aaron Simpson,Middleweight
Anton Kuivanen,Lightweight
Nick Diaz,Welterweight
Dan Stittgen,Welterweight
Chael Sonnen,Middleweight
Demian Maia,Middleweight
Joey Beltran,Heavyweight
Duane Ludwig,Welterweight
Mike Easton,Bantamweight
Jorge Rivera,Middleweight
Kamal Shalorus,Lightweight
Charlie Brenneman,Welterweight
Joseph Sandoval,Bantamweight
Ricardo Funch,Welterweight
Vladimir Matyushenko,Light Heavyweight
Nam Phan,Featherweight
Tito Ortiz,Light Heavyweight
Claude Patrick,Welterweight
Krzysztof Soszynski,Light Heavyweight
Walel Watson,Bantamweight
Rich Attonito,Welterweight
Louis Gaudinot,Bantamweight
Bryan Caraway,Featherweight
Wanderlei Silva,Middleweight
Stephan Bonnar,Light Heavyweight
Tom Lawlor,Middleweight
Aaron Rosa,Light Heavyweight
John Maguire,Welterweight
Rob Broughton,Heavyweight
Michihiro Omigawa,Featherweight
Chris Cope,Welterweight
Chris Cariaso,Bantamweight
Mirko Cro Cop,Heavyweight
Dennis Siver,Lightweight
Tyson Griffin,Featherweight
Brandon Vera,Light Heavyweight
Dustin Jacoby,Middleweight
Steve Cantwell,Middleweight
Anthony Johnson,Welterweight
Shane Roller,Lightweight
Matt Hughes,Welterweight
Junior Assuncao,Featherweight
Alan Belcher,Middleweight
Clay Harvison,Welterweight
Luiz Cane,Light Heavyweight
Joseph Benavidez,Bantamweight
Ronny Markes,Light Heavyweight
Cole Miller,Lightweight
Dennis Hallman,Welterweight
Jeff Hougland,Bantamweight
Christian Morecraft,Heavyweight
Joe Stevenson,Featherweight
Daniel Roberts,Welterweight
Shane Carwin,Heavyweight
Kenny Florian,Featherweight
Dave Herman,Heavyweight
Vagner Rocha,Lightweight
Jesse Bongfeldt,Middleweight
Mike Massenzio,Light Heavyweight
Ramsey Nijem,Welterweight
Chuck O'Neil,Welterweight
Danny Downes,Lightweight
Ryan McGillivray,Welterweight
Kendall Grove,Middleweight
Cole Escovedo,Bantamweight
Yves Jabouin,Featherweight
Jon Madsen,Heavyweight
Sean McCorkle,Heavyweight
Mario Miranda,Middleweight
Waylon Lowe,Lightweight
Ricardo Almeida,Welterweight
Kurt Pellegrino,Lightweight
Costas Philippou,Catch Weight
Steve Cantwell,Light Heavyweight
Joe Stevenson,Lightweight
Rob Kimmons,Middleweight
Tom Blackledge,Light Heavyweight
Maciej Jewtuszko,Lightweight
Paul Taylor,Lightweight
Jeremy Stephens,Lightweight
Phil Baroni,Middleweight
Joe Doerksen,Middleweight
TJ Grant,Welterweight
Pat Audinwood,Lightweight
Jonathan Brookins,Lightweight
Ian Loveland,Featherweight
Sako Chivitchian,Lightweight
Fredson Paixao,Featherweight
Rich Attonito,Middleweight
Gerald Harris,Middleweight
Karo Parisyan,Welterweight
Mike Lullo,Lightweight
Paul Kelly,Lightweight
Tyson Griffin,Lightweight
Seth Petruzelli,Light Heavyweight
Kris McCray,Welterweight
Mike Guymon,Welterweight
James Wilks,Welterweight
Spencer Fisher,Lightweight
James McSweeney,Light Heavyweight
Matt Serra,Welterweight
Sean Sherk,Lightweight
Steve Lopez,Lightweight
Jared Hamman,Light Heavyweight
Tomasz Drwal,Middleweight
Brian Foster,Welterweight
Randy Couture,Heavyweight
Kenny Florian,Lightweight
Andre Winner,Lightweight
Nick Osipczak,Welterweight
Dustin Hazelett,Welterweight
Rodney Wallace,Light Heavyweight
Todd Brown,Light Heavyweight
James Irvin,Light Heavyweight
Darren Elkins,Lightweight
Chris Lytle,Welterweight
Forrest Petz,Welterweight
Keith Jardine,Light Heavyweight
Jamie Yager,Middleweight
John Gunderson,Lightweight
Josh Bryant,Middleweight
James McSweeney,Heavyweight
Chuck Liddell,Light Heavyweight
David Loiseau,Middleweight
Jason Brilz,Light Heavyweight
Jesse Forbes,Middleweight
Kevin Ferguson,Heavyweight
Marcus Davis,Welterweight
Yoshiyuki Yoshida,Welterweight
Nate Quarry,Middleweight
Rob Emerson,Lightweight
Caol Uno,Lightweight
Eliot Marshall,Light Heavyweight
Duane Ludwig,Lightweight
Eric Schafer,Light Heavyweight
Randy Couture,Light Heavyweight
Chris Tuchscherer,Heavyweight
Paul Daley,Welterweight
Martin Kampmann,Welterweight
Alan Belcher,Catch Weight
Kevin Ferguson,Catch Weight
Brian Stann,Light Heavyweight
Vitor Belfort,Catch Weight
Ryan Jensen,Middleweight
Jake Rosholt,Middleweight
Ricardo Almeida,Middleweight
Jesse Lennox,Welterweight
Yoshihiro Akiyama,Middleweight
Mark Coleman,Light Heavyweight
Shannon Gugerty,Lightweight
Brad Blackburn,Welterweight
Tomasz Drwal,Light Heavyweight
Jason Dent,Lightweight
Rich Franklin,Catch Weight
Paul Taylor,Middleweight
Drew McFedries,Middleweight
Brock Larson,Welterweight
Tim Hague,Heavyweight
Kyle Bradley,Lightweight
George Roop,Lightweight
Denis Kang,Middleweight
Tim Credeur,Middleweight
Tamdan McCrory,Welterweight
Shane Nelson,Lightweight
Mike Ciesnolevicz,Heavyweight
Paul Kelly,Welterweight
Josh Neer,Lightweight
Matt Veach,Lightweight
Jake O'Brien,Light Heavyweight
Dan Cramer,Welterweight
Dan Henderson,Light Heavyweight
Antoni Hardonk,Heavyweight
Wilson Gouveia,Middleweight
Junie Browning,Lightweight
Tom Lawlor,Light Heavyweight
Rolando Delgado,Lightweight
Luigi Fioravanti,Welterweight
Steve Bruno,Welterweight
Dale Hartt,Lightweight
Justin McCully,Heavyweight
Hermes Franca,Lightweight
Pete Sell,Welterweight
David Bielkheden,Lightweight
Per Eklund,Lightweight
Rich Franklin,Light Heavyweight
Ryo Chonan,Welterweight
Chris Wilson,Welterweight
Kevin Burns,Welterweight
Rory Markham,Welterweight
Nate Loughran,Middleweight
Justin Buchholz,Lightweight
Amir Sadollah,Middleweight
Matthew Riddle,Middleweight
Dean Lister,Middleweight
Martin Kampmann,Middleweight
Paul Taylor,Welterweight
Goran Reljic,Light Heavyweight
Rameau Thierry Sokoudjou,Light Heavyweight
Rich Clementi,Lightweight
Jason Day,Middleweight
Jonathan Goulet,Welterweight
Marcus Aurelio,Lightweight
Manvel Gamburyan,Lightweight
George Sotiropoulos,Welterweight
Heath Herring,Heavyweight
Jorge Gurgel,Lightweight
Marvin Eastman,Middleweight
Corey Hill,Lightweight
Wilson Gouveia,Light Heavyweight
Alessio Sakara,Light Heavyweight
Eddie Sanchez,Heavyweight
Roger Huerta,Lightweight
Mac Danzig,Welterweight
Jon Koppenhaver,Welterweight
Troy Mandaloniz,Welterweight
Matt Arroyo,Welterweight
Roman Mitichyan,Welterweight
Akihiro Gono,Welterweight
Tim Sylvia,Heavyweight
Alvin Robinson,Lightweight
Matt Grice,Lightweight
Rich Clementi,Welterweight
Christian Wellisch,Heavyweight
Luke Cummo,Welterweight
Michael Bisping,Light Heavyweight
Houston Alexander,Light Heavyweight
Jess Liaudin,Welterweight
Renato Sobral,Light Heavyweight
Leonard Garcia,Lightweight
Nate Mohr,Lightweight
Terry Martin,Middleweight
Kalib Starnes,Middleweight
Alan Belcher,Light Heavyweight
Din Thomas,Lightweight
Junior Assuncao,Lightweight
Drew Fickett,Welterweight
Kuniyoshi Hironaka,Welterweight
Jason Lambert,Light Heavyweight
Dustin Hazelett,Lightweight
Jake O'Brien,Heavyweight
David Heath,Light Heavyweight
Logan Clark,Middleweight
Drew McFedries,Light Heavyweight
Brandon Vera,Heavyweight
Travis Lutter,Middleweight
Pete Spratt,Welterweight
Scott Smith,Middleweight
Charles McCarthy,Middleweight
Carmelo Marrero,Heavyweight
Tony DeSouza,Welterweight
Rory Singer,Middleweight
Mike Swick,Middleweight
Anthony Torres,Welterweight
Hermes Franca,Catch Weight
Jeff Monson,Heavyweight
Mark Hominick,Lightweight
Rob MacDonald,Light Heavyweight
Jorge Santiago,Middleweight
Luigi Fioravanti,Middleweight
Mike Nickels,Light Heavyweight
Matt Hughes,Catch Weight
Dean Lister,Light Heavyweight
Jeremy Horn,Middleweight
Sean Sherk,Welterweight
Evan Tanner,Middleweight
David Terrell,Middleweight
Dan Christison,Heavyweight
Tom Murphy,Heavyweight
Marcio Cruz,Heavyweight
Paul Buentello,Heavyweight
Spencer Fisher,Welterweight
Jason Von Flue,Welterweight
Sam Hoger,Light Heavyweight
Nick Thompson,Welterweight
Rashad Evans,Heavyweight
Joe Stevenson,Welterweight
Kenny Florian,Welterweight
Melvin Guillard,Welterweight
Keith Jardine,Heavyweight
Branden Lee Hinkle,Heavyweight
Jon Fitch,Middleweight
Matt Lindland,Middleweight
Trevor Prangley,Middleweight
Ivan Salaverry,Middleweight
Mike van Arsdale,Heavyweight
Diego Sanchez,Middleweight
Josh Koscheck,Middleweight
Alex Karalexis,Welterweight
Pete Sell,Middleweight
Mike Kyle,Heavyweight
Frank Trigg,Welterweight
Travis Lutter,Light Heavyweight
Justin Eilers,Heavyweight
Ken Shamrock,Heavyweight
Matt Serra,Lightweight
Jonathan Wiezorek,Heavyweight
Genki Sudo,Lightweight
Renato Verissimo,Welterweight
Lee Murray,Middleweight
Wesley Correira,Heavyweight
Pedro Rizzo,Heavyweight
Keith Rockel,Middleweight
Kimo Leopoldo,Heavyweight
Vernon White,Heavyweight
Falaniko Vitale,Middleweight
Dave Strasser,Welterweight
Vladimir Matyushenko,Heavyweight
Gan McGee,Heavyweight
Carlos Newton,Welterweight
Phillip Miller,Middleweight
Ricco Rodriguez,Heavyweight
Ian Freeman,Heavyweight
Mark Weir,Middleweight
Phillip Miller,Light Heavyweight
Evan Tanner,Light Heavyweight
Benji Radach,Welterweight
Tony Fryklund,Middleweight
Murilo Bustamante,Middleweight
Jens Pulver,Lightweight
Andrei Semenov,Middleweight
Kevin Randleman,Light Heavyweight
Gil Castillo,Welterweight
Eugene Jackson,Middleweight
Dave Menne,Middleweight
Jutaro Nakao,Welterweight
Pat Miletich,Welterweight
Tony DeSouza,Lightweight
Shonie Carter,Welterweight
Semmy Schilt,Heavyweight
Matt Lindland,Light Heavyweight
Fabiano Iha,Welterweight
Elvis Sinosic,Middleweight
Bobby Hoffman,Heavyweight
Chuck Liddell,Middleweight
Renato Sobral,Heavyweight
Mark Hughes,Middleweight
Ben Earwood,Welterweight
Maurice Smith,Heavyweight
Yuki Kondo,Middleweight
Brad Gumm,Welterweight
Kevin Randleman,Heavyweight
Tyrone Roberts,Middleweight
Amaury Bitetti,Middleweight
Sanae Kikuta,Middleweight
Ron Waterman,Heavyweight
Ikuhisa Minowa,Middleweight
Laverne Clark,Lightweight
Tedd Williams,Heavyweight
Lance Gibson,Middleweight
Dave Menne,Lightweight
Bob Cook,Lightweight
Scott Adams,Heavyweight
Shonie Carter,Lightweight
Kenichi Yamamoto,Heavyweight
Joe Slick,Middleweight
Kenichi Yamamoto,Open Weight
Katsuhisa Fujii,Open Weight
Frank Shamrock,Light Heavyweight
Tim Lajcik,Heavyweight
Jeremy Horn,Heavyweight
Brad Kohler,Heavyweight
Matt Hughes,Lightweight
John Lewis,Middleweight
Paul Jones,Middleweight
Tsuyoshi Kohsaka,Heavyweight
Andre Roberts,Heavyweight
Bas Rutten,Heavyweight
Pete Williams,Heavyweight
Marcelo Mello,Lightweight
Tito Ortiz,Middleweight
Gary Goodridge,Heavyweight
Sione Latu,Heavyweight
Mikey Burnett,Lightweight
Ebenezer Fontes Braga,Middleweight
David Abbott,Heavyweight
Carlos Newton,Middleweight
Pat Miletich,Lightweight
Jerry Bohlander,Middleweight
Kazushi Sakuraba,Heavyweight
Vitor Belfort,Heavyweight
Tra Telligman,Heavyweight
Mark Kerr,Heavyweight
Dave Beneteau,Heavyweight
Dwayne Cason,Heavyweight
Alex Hunter,Heavyweight
Kevin Jackson,Middleweight
Dan Bobish,Heavyweight
Kevin Jackson,Lightweight
Joe Moreira,Lightweight
Tony Fryklund,Lightweight
Guy Mezger,Lightweight
Steven Graham,Heavyweight
Enson Inoue,Lightweight
Jack Nilson,Lightweight
Tito Ortiz,Lightweight
Mark Coleman,Heavyweight
Jerry Bohlander,Lightweight
Scott Ferrozzo,Heavyweight
Yoshiki Takahashi,Lightweight
Don Frye,Catch Weight
David Abbott,Open Weight
Don Frye,Open Weight
Ken Shamrock,Open Weight
Kimo Leopoldo,Open Weight
Scott Ferrozzo,Open Weight
Mark Coleman,Open Weight
Jerry Bohlander,Open Weight
Brian Johnston,Open Weight
Mark Coleman,Catch Weight
Gary Goodridge,Open Weight
Geza Kalman,Open Weight
Dan Severn,Catch Weight
Mark Hall,Open Weight
Mark Schultz,Open Weight
Rafael Carino,Open Weight
Cal Worsham,Open Weight
Steve Nelmark,Open Weight
Ken Shamrock,Catch Weight
Paul Varelans,Open Weight
Oleg Taktarov,Open Weight
Dan Severn,Open Weight
Marco Ruas,Open Weight
Marco Ruas,Catch Weight
Remco Pardoel,Open Weight
Scott Bessac,Open Weight
Oleg Taktarov,Catch Weight
Patrick Smith,Open Weight
Dave Beneteau,Open Weight
Todd Medina,Open Weight
Jon Hess,Open Weight
Royce Gracie,Catch Weight
Royce Gracie,Open Weight
Steve Jennum,Open Weight
Keith Hackney,Open Weight
Guy Mezger,Open Weight
Steve Jennum,Catch Weight
Harold Howard,Open Weight
Johnny Rhodes,Open Weight
Jason DeLucia,Open Weight
Orlando Wiet,Open Weight
Frank Hamaker,Open Weight
Scott Morris,Open Weight
Gerard Gordeau,Open Weight
Kevin Rosier,Open Weight
Felicia Spencer,Women's Featherweight
Arman Tsarukyan,Lightweight
Viviane Araujo,Women's Flyweight
Yoshinori Horie,Featherweight
SeungWoo Choi,Featherweight
Sarah Frota,Women's Flyweight
Juan Adams,Heavyweight
Klidson Abreu,Light Heavyweight
Jennifer Maia,Women's Flyweight
Gabriel Silva,Bantamweight
Jinsoo Son,Bantamweight
Felipe Colares,Bantamweight
Wellington Turman,Middleweight
John Allan,Light Heavyweight
Sheymon Moraes,Featherweight
Nicco Montano,Women's Bantamweight
Ryan Hall,Featherweight
Jonathan Martinez,Bantamweight
Brianna Van Buren,Women's Strawweight
Vince Morales,Bantamweight
Ben Askren,Welterweight
Luke Rockhold,Light Heavyweight
Michael Chiesa,Welterweight
Nohelin Hernandez,Bantamweight
Chance Rencountre,Welterweight
Pannie Kianzad,Women's Bantamweight
Journey Newson,Bantamweight
Vinicius Moreira,Light Heavyweight
Dan Moret,Lightweight
Dequan Townsend,Light Heavyweight
Amanda Ribas,Women's Strawweight
Anderson Dos Santos,Bantamweight
Kevin Aguilar,Featherweight
Jairzinho Rozenstruik,Heavyweight
Jessica Eye,Women's Flyweight
Nina Ansaroff,Women's Strawweight
Grigorii Popov,Bantamweight
Anthony Smith,Light Heavyweight
Aleksandar Rakic,Light Heavyweight
Chris Fishgold,Featherweight
Christos Giagos,Lightweight
Sung Bin Jo,Featherweight
Sergey Khandozhko,Welterweight
Frank Camacho,Lightweight
Duda Santana,Women's Bantamweight
Danilo Belluardo,Lightweight
Kevin Lee,Welterweight
Ian Heinisch,Middleweight
Derrick Krantz,Welterweight
Austin Hubbard,Lightweight
Sijara Eubanks,Women's Bantamweight
Charles Jourdain,Lightweight
Michel Pereira,Welterweight
Trevin Giles,Middleweight
Ryan Spann,Light Heavyweight
Kurt Holobaugh,Lightweight
Priscila Cachoeira,Women's Flyweight
Carlos Huachin,Bantamweight
Viviane Araujo,Women's Bantamweight
Serghei Spivac,Heavyweight
Kyle Prepolec,Welterweight
Cole Smith,Bantamweight
Thomas Gifford,Lightweight
Takashi Sato,Welterweight
Virna Jandiroba,Women's Strawweight
Mike Davis,Lightweight
Jodie Esquibel,Women's Strawweight
Antonina Shevchenko,Women's Flyweight
Alen Amedovski,Middleweight
Seungwoo Choi,Featherweight
Alex Da Silva,Lightweight
Michal Oleksiejczuk,Light Heavyweight
Rafael Fiziev,Lightweight
Zelim Imadaev,Welterweight
Khalid Taha,Bantamweight
Poliana Botelho,Women's Flyweight
Randy Costa,Bantamweight
Casey Kenney,Bantamweight
Maryna Moroz,Women's Flyweight
Anthony Pettis,Welterweight
Jesus Pinedo,Lightweight
JJ Aldrich,Women's Flyweight
Bobby Moffett,Featherweight
Chris Gutierrez,Bantamweight
Jordan Espinosa,Flyweight
Dominick Reyes,Light Heavyweight
Jordan Rinaldi,Featherweight
Saparbeg Safarov,Light Heavyweight
Omari Akhmedov,Middleweight
Yana Kunitskaya,Women's Bantamweight
Jeff Hughes,Heavyweight
Matt Schnell,Bantamweight
Hannah Cifers,Women's Strawweight
Lucie Pudilova,Women's Flyweight
Carlo Pedersoli,Welterweight
Kron Gracie,Featherweight
Manny Bermudez,Bantamweight
Marcos Mariano,Lightweight
Nadia Kassem,Women's Flyweight
Raulian Paiva,Flyweight
Sarah Frota,Women's Strawweight
Anthony Hernandez,Middleweight
Taila Santos,Women's Flyweight
Felipe Colares,Featherweight
Said Nurmagomedov,Bantamweight
Rogerio Bontorin,Flyweight
TJ Dillashaw,Flyweight
Rachael Ostovich,Women's Flyweight
Karl Roberson,Light Heavyweight
Amanda Nunes,Women's Featherweight
Ryan Hall,Lightweight
Drakkar Klose,Lightweight
Jordan Griffin,Featherweight
Joanna Jedrzejczyk,Women's Flyweight
Kyle Nelson,Lightweight
Justin Frazier,Heavyweight
Macy Chiasson,Women's Featherweight
Michel Batista,Heavyweight
Leah Letson,Women's Featherweight
Darrell Horcher,Lightweight
Ricky Rainey,Welterweight
David Zawada,Welterweight
Rashad Coulter,Light Heavyweight
Martin Day,Bantamweight
Bartosz Fabinski,Welterweight
Hector Aldana,Welterweight
Anderson Dos Santos,Featherweight
Joby Sanchez,Bantamweight
Don Madge,Lightweight
Jessin Ayari,Lightweight
Conor McGregor,Lightweight
Jalin Turner,Welterweight
Luigi Vendramini,Welterweight
Jin Soo Son,Bantamweight
Marcin Prachnio,Light Heavyweight
Jordan Johnson,Middleweight
Stefan Sekulic,Welterweight
Terrion Ware,Bantamweight
Brandon Davis,Featherweight
Frank Camacho,Welterweight
Craig White,Welterweight
Lucie Pudilova,Women's Bantamweight
Tim Williams,Middleweight
Jose Torres,Flyweight
Matheus Nicolau,Flyweight
Abu Azaitar,Middleweight
Said Nurmagomedov,Flyweight
Raoni Barcelos,Featherweight
Joe Giannetti,Lightweight
Brad Katona,Featherweight
Richie Smullen,Lightweight
Allan Zuniga,Lightweight
Melinda Fabian,Women's Flyweight
Mike Jackson,Welterweight
Daniel Spitz,Heavyweight
Lauren Murphy,Women's Flyweight
Tom Breese,Middleweight
Felipe Silva,Lightweight
James Bochnovic,Middleweight
Dmitry Sosnovskiy,Heavyweight
Yana Kunitskaya,Women's Featherweight
Ketlen Vieira,Women's Bantamweight
Brian Camozzi,Welterweight
Jeremy Kennedy,Featherweight
Cory Sandhagen,Featherweight
Galore Bofando,Welterweight
Ryan Janes,Middleweight
Emily Whitmire,Women's Flyweight
Bharat Kandare,Featherweight
Hu Yaozong,Heavyweight
Shane Young,Catch Weight
Ashkan Mokhtarian,Flyweight
Nadia Kassem,Women's Strawweight
Michel Quinones,Lightweight
Marcel Fortuna,Light Heavyweight
Georges St-Pierre,Middleweight
Christian Colombo,Heavyweight
Jonathan Wilson,Middleweight
Ramazan Emeev,Middleweight
Marco Beltran,Flyweight
Yushin Okami,Light Heavyweight
Chanmi Jeon,Women's Strawweight
Alex Reyes,Welterweight
Zu Anyanwu,Heavyweight
Mads Burnell,Lightweight
Abdul-Kerim Edilov,Light Heavyweight
Andrew Holbrook,Lightweight
Tonya Evinger,Women's Featherweight
Renan Barao,Catch Weight
Daniel Teymur,Lightweight
Amanda Lemos,Women's Bantamweight
Terrion Ware,Featherweight
James Bochnovic,Light Heavyweight
Jesse Taylor,Welterweight
Nick Roehrick,Light Heavyweight
Tom Gallicchio,Welterweight
CB Dollaway,Light Heavyweight
Michel Quinones,Featherweight
Carls John De Tomas,Flyweight
Jimmy Wallhead,Welterweight
Alex Nicholson,Middleweight
Michael McBride,Lightweight
Cindy Dandois,Women's Bantamweight
Joe Proctor,Welterweight
Rashid Magomedov,Lightweight
Augusto Mendes,Bantamweight
Nathan Coy,Welterweight
Marlon Vera,Catch Weight
Davi Ramos,Welterweight
Alessandro Ricci,Lightweight
Germaine de Randamie,Women's Featherweight
Marcel Fortuna,Heavyweight
Chris Gruetzemacher,Featherweight
JC Cottrell,Lightweight
Fredy Serrano,Flyweight
Sean O'Connell,Light Heavyweight
Brendan O'Reilly,Lightweight
Alexander Volkanovski,Lightweight
Jonathan Meunier,Welterweight
Geane Herrera,Flyweight
Justin Scoggins,Bantamweight
Alexander Yakovlev,Welterweight
Milana Dudieva,Women's Bantamweight
Thiago Alves,Catch Weight
Heather Jo Clark,Women's Strawweight
Joe Soto,Catch Weight
Jason Novelli,Lightweight
Chris Avila,Featherweight
Russell Doane,Featherweight
Lina Lansberg,Catch Weight
Rick Glenn,Lightweight
Leonardo Augusto Leleco,Middleweight
Joey Gomez,Bantamweight
Veronica Macedo,Women's Bantamweight
Horacio Gutierrez,Featherweight
Bojan Mihajlovic,Heavyweight
Cristina Stanciu,Women's Strawweight
Cody Pfister,Lightweight
Enrique Marin,Lightweight
Fernando Bruno,Featherweight
Anton Zafir,Welterweight
Mehdi Baghdad,Lightweight
Dileno Lopes,Bantamweight
Jerrod Sanders,Bantamweight
Alvaro Herrera,Welterweight
Leslie Smith,Catch Weight
Anna Elmose,Women's Bantamweight
Dominic Waters,Welterweight
Willie Gates,Flyweight
Clint Hester,Light Heavyweight
Darrell Horcher,Catch Weight
Bojan Velickovic,Middleweight
Rin Nakai,Women's Bantamweight
Chris Dempsey,Middleweight
Yaotzin Meza,Featherweight
Martin Svensson,Lightweight
Roan Carneiro,Middleweight
Augusto Mendes,Catch Weight
Alex Nicholson,Light Heavyweight
Levan Makashvili,Featherweight
Felipe Olivieri,Lightweight
Luke Sanders,Featherweight
Elvis Mutapcic,Light Heavyweight
Tony Sims,Lightweight
Masanori Kanehara,Bantamweight
Marcin Wrzosek,Lightweight
Konstantin Erokhin,Heavyweight
Abner Lloveras,Lightweight
Leo Kuntz,Lightweight
Dong Hyun Ma,Welterweight
Diego Sanchez,Featherweight
Enrique Marin,Welterweight
Enrique Barzola,Lightweight
Danny Martinez,Flyweight
Steve Montgomery,Middleweight
Steve Kennedy,Welterweight
Gasan Umalatov,Welterweight
Matheus Nicolau,Bantamweight
Jon Delos Reyes,Flyweight
Ericka Almeida,Women's Strawweight
Chico Camus,Flyweight
Roger Zapata,Welterweight
Nazareno Malegarie,Lightweight
Chris Beal,Flyweight
Sirwan Kakai,Bantamweight
Fernando Bruno,Lightweight
Dominique Steele,Middleweight
Vaughan Lee,Flyweight
Hans Stringer,Light Heavyweight
Paul Redmond,Featherweight
Ildemar Alcantara,Middleweight
Cezar Ferreira,Welterweight
Steve Bosse,Middleweight
Joe Merritt,Welterweight
Lewis Gonzalez,Welterweight
Tony Sims,Welterweight
Antonio Dos Santos,Middleweight
Ulka Sasaki,Bantamweight
Justin Edwards,Lightweight
Leonardo Morales,Bantamweight
Urijah Faber,Featherweight
Lisa Ellis,Women's Strawweight
Fabio Maldonado,Catch Weight
Shane Campbell,Catch Weight
Bryan Barberena,Lightweight
Mickael Lebout,Welterweight
Rocky Lee,Featherweight
Justin Jones,Middleweight
Shayna Baszler,Women's Bantamweight
Cain Carrizosa,Lightweight
Roger Narvaez,Middleweight
Josh Copeland,Heavyweight
Alex Torres,Featherweight
Josh Shockley,Lightweight
Patrick Walsh,Middleweight
Rodrigo de Lima,Lightweight
Nick Diaz,Middleweight
Andy Enz,Middleweight
Stanislav Nedkov,Light Heavyweight
Shane Howell,Flyweight
Mats Nilsson,Welterweight
Mike Rhodes,Welterweight
Garett Whiteley,Lightweight
Justin Jones,Light Heavyweight
Matt Hobar,Bantamweight
Chris Heatherly,Welterweight
Leonardo Morales,Featherweight
Humberto Brown,Featherweight
Jorge de Oliveira,Welterweight
Rodolfo Rubio,Featherweight
Tim Gorman,Bantamweight
Guto Inocente,Light Heavyweight
Ernest Chavez,Featherweight
Takenori Sato,Welterweight
Dashon Johnson,Featherweight
Tateki Matsuda,Bantamweight
Damon Jackson,Lightweight
Clay Collard,Catch Weight
Jianping Yang,Featherweight
Danny Mitchell,Welterweight
Jack May,Heavyweight
Tiago Trator,Lightweight
Gilbert Burns,Welterweight
Mike King,Middleweight
Leonardo Mafra,Welterweight
Jerrod Sanders,Lightweight
Tina Lahdemaki,Women's Strawweight
Guto Inocente,Heavyweight
Juan Puig,Lightweight
Daniel Spohn,Light Heavyweight
Alexis Dufresne,Catch Weight
Keith Berish,Light Heavyweight
Guilherme Vasconcelos,Middleweight
Andrew Craig,Middleweight
Dashon Johnson,Lightweight
Rodrigo de Lima,Welterweight
Ian Entwistle,Featherweight
Jason High,Lightweight
Lance Benoist,Welterweight
Roger Narvaez,Light Heavyweight
Fabio Maldonado,Heavyweight
Antonio Carlos Junior,Heavyweight
Warlley Alves,Middleweight
Wagner Silva,Middleweight
Richardson Moreira,Heavyweight
Sean Strickland,Middleweight
Aaron Phillips,Featherweight
Ben Wall,Lightweight
Olivier Aubin-Mercier,Welterweight
Mike de la Torre,Lightweight
Vik Grujic,Middleweight
Mats Nilsson,Middleweight
Claudio Silva,Middleweight
Zhang Lipeng,Welterweight
Ivan Menjivar,Featherweight
Yui Chul Nam,Lightweight
Wilson Reis,Bantamweight
Nikita Krylov,Heavyweight
Brian Houston,Middleweight
Shunichi Shimizu,Bantamweight
Will Chope,Featherweight
Quinn Mulhern,Lightweight
Dave Galera,Bantamweight
Jon Delos Reyes,Bantamweight
Jessica Rakoczy,Women's Bantamweight
Peggy Morgan,Women's Bantamweight
Chael Sonnen,Light Heavyweight
Nico Musoke,Middleweight
Adlan Amagov,Welterweight
Kyoji Horiguchi,Bantamweight
Joey Beltran,Light Heavyweight
David Mitchell,Welterweight
Elias Silverio,Welterweight
Ivan Jorge,Welterweight
Brian Melancon,Welterweight
Papy Abedi,Middleweight
John Howard,Middleweight
Sheila Gaff,Women's Bantamweight
Josh Clopton,Featherweight
Bristol Marunde,Welterweight
Roger Gracie,Middleweight
John Maguire,Lightweight
Leonardo Santos,Welterweight
Eddie Mendez,Middleweight
Joao Zeferino,Middleweight
John Cholish,Lightweight
Iliarde Santos,Bantamweight
Roger Hollett,Light Heavyweight
Azamat Gashimov,Flyweight
Jeremy Larsen,Lightweight
Cody McKenzie,Featherweight
Gilbert Smith,Middleweight
Collin Hart,Middleweight
Jimmy Quinlan,Middleweight
Pablo Garza,Featherweight
Adam Cella,Middleweight
Besam Yousef,Welterweight
Quinn Mulhern,Welterweight
Issei Tamura,Bantamweight
Lavar Johnson,Heavyweight
Matt Grice,Featherweight
Caros Fodor,Lightweight
Brock Jardine,Welterweight
Jorge Santiago,Welterweight
Stanislav Nedkov,Middleweight
Motonobu Tezuka,Bantamweight
Ulysses Gomez,Flyweight
Jay Hieron,Welterweight
Sean Spencer,Middleweight
Milton Vieira,Featherweight
Pedro Nobre,Bantamweight
Ildemar Alcantara,Light Heavyweight
CJ Keith,Lightweight
Byron Bloodworth,Bantamweight
Mike Ricci,Welterweight
Shane del Rosario,Heavyweight
Marcos Vinicius,Bantamweight
Nick Catone,Welterweight
John Cofer,Lightweight
Manuel Rodriguez,Welterweight
Mike Wilkinson,Lightweight
Chad Griggs,Light Heavyweight
Azamat Gashimov,Bantamweight
Tom DeBlass,Middleweight
Joey Gambino,Featherweight
Renee Forte,Welterweight
Carlo Prater,Lightweight
Gunnar Nelson,Catch Weight
Tommy Hayden,Featherweight
Eiji Mitsuoka,Featherweight
Josh Ferguson,Flyweight
Yoislandy Izquierdo,Lightweight
Sergio Moraes,Middleweight
Francisco Trinaldo,Middleweight
Hugo Viana,Featherweight
Leonardo Mafra,Middleweight
Wagner Campos,Featherweight
Luis Ramos,Welterweight
Carlos Eduardo Rocha,Welterweight
Jared Papazian,Bantamweight
Bernardo Magalhaes,Lightweight
Pat Schilling,Featherweight
Chris Tickle,Lightweight
Chris Saunders,Lightweight
Sam Sicilia,Lightweight
Jorge Lopez,Welterweight
Nick Denis,Bantamweight
Eddie Yagin,Featherweight
Chad Griggs,Heavyweight
Tom DeBlass,Light Heavyweight
Eric Wisely,Featherweight
Eiji Mitsuoka,Lightweight
Issei Tamura,Featherweight
Vagner Rocha,Featherweight
Henry Martinez,Welterweight
Jon Olav Einemo,Heavyweight
George Roop,Featherweight
Eric Schafer,Middleweight
Tommy Hayden,Lightweight
Anthony Johnson,Middleweight
Carlo Prater,Welterweight
Ednaldo Oliveira,Heavyweight
Dennis Hallman,Lightweight
Stephen Bass,Featherweight
Josh Ferguson,Bantamweight
Dustin Neace,Featherweight
Nick Pace,Bantamweight
Shamar Bailey,Lightweight
Darren Uyenoyama,Bantamweight
Paul Bradley,Welterweight
Matt Lucas,Light Heavyweight
Edward Faaloloto,Lightweight
Demetrious Johnson,Bantamweight
Ricardo Romero,Light Heavyweight
Donny Walker,Bantamweight
Mike Lullo,Featherweight
Ian Loveland,Bantamweight
Karlos Vemola,Light Heavyweight
TJ O'Brien,Lightweight
Jason Reinhardt,Bantamweight
Paul Bradley,Middleweight
Javier Vazquez,Featherweight
Curt Warburton,Lightweight
James Head,Middleweight
Aaron Rosa,Heavyweight
Tony Ferguson,Welterweight
Shamar Bailey,Welterweight
Charlie Valencia,Bantamweight
Kyle Watson,Lightweight
Nick Catone,Catch Weight
Raphael Assuncao,Featherweight
Jason Reinhardt,Featherweight
Antonio Banuelos,Bantamweight
Gabe Ruediger,Lightweight
Willamy Freire,Lightweight
Amilcar Alves,Welterweight
Marcus Davis,Lightweight
Greg Soto,Welterweight
Antonio McKee,Lightweight
Aaron Wilkinson,Lightweight
Tyler Toner,Featherweight
Maiquel Falcao,Middleweight
Alexandre Ferreira,Light Heavyweight
Mark Scanlon,Welterweight
Gilbert Yvel,Heavyweight
Vinicius Queiroz,Heavyweight
Mark Holst,Lightweight
Julio Paulino,Welterweight
James Toney,Heavyweight
John Salter,Middleweight
Steve Steinbeiss,Middleweight
Goran Reljic,Middleweight
Karlos Vemola,Heavyweight
Kris McCray,Middleweight
Seth Baczynski,Middleweight
James Hammortree,Middleweight
Dan Lauzon,Lightweight
Joe Brammer,Lightweight
Renzo Gracie,Welterweight
Mostapha Al-Turk,Heavyweight
Ronys Torres,Lightweight
Lucio Linhares,Middleweight
James Irvin,Middleweight
Chase Gormley,Heavyweight
Anthony Perosh,Heavyweight
Phillipe Nover,Lightweight
Rolles Gracie,Heavyweight
Jay Silva,Middleweight
Jacob Volkmann,Welterweight
Wilson Gouveia,Catch Weight
Houston Alexander,Catch Weight
Marcus Jones,Heavyweight
Darrill Schoonover,Heavyweight
Justin Wren,Heavyweight
Phil Baroni,Welterweight
Razak Al-Hassan,Light Heavyweight
Danillo Villefort,Welterweight
Mike Ciesnolevicz,Light Heavyweight
Frank Lester,Welterweight
Cameron Dollar,Lightweight
Peter Sobotta,Middleweight
Denis Stojnic,Heavyweight
Xavier Foupa-Pokam,Middleweight
Andre Gusmao,Light Heavyweight
Brandon Wolff,Welterweight
David Kaplan,Lightweight
Carmelo Marrero,Light Heavyweight
Matt Horwich,Middleweight
Jesse Sanders,Welterweight
Nissen Osterneck,Middleweight
Joe Vedepo,Middleweight
Tim McKenzie,Middleweight
Mark Munoz,Light Heavyweight
Ryan Madigan,Welterweight
Michael Patt,Light Heavyweight
Brian Cobb,Lightweight
Neil Grove,Heavyweight
Derek Downey,Middleweight
Christian Wellisch,Light Heavyweight
Tom Egan,Welterweight
Alexandre Barros,Welterweight
Antonio Mendes,Light Heavyweight
Ivan Serati,Light Heavyweight
Mike Wessel,Heavyweight
Reese Andy,Light Heavyweight
Dan Evensen,Heavyweight
Shane Primm,Light Heavyweight
Jules Bruchez,Light Heavyweight
John Polakowski,Lightweight
Brodie Farber,Welterweight
Johnny Rees,Welterweight
Josh Hendricks,Heavyweight
Ryan Thomas,Welterweight
Neil Wain,Heavyweight
Jess Liaudin,Lightweight
David Baron,Lightweight
Samy Schiavo,Lightweight
Brad Morris,Light Heavyweight
Jason Lambert,Middleweight
Jesse Taylor,Middleweight
Cale Yarbrough,Middleweight
Johnny Rees,Middleweight
James Giboo,Welterweight
Dante Rivera,Middleweight
Rob Yundt,Middleweight
Kazuhiro Nakamura,Light Heavyweight
Jason Tan,Welterweight
Brad Morris,Heavyweight
Ryan Roberts,Lightweight
Jeff Cox,Lightweight
Tommy Speer,Welterweight
David Bielkheden,Welterweight
John Halverson,Lightweight
Kyle Bradley,Welterweight
Keita Nakamura,Lightweight
Michihiro Omigawa,Lightweight
Alberto Crane,Lightweight
Joe Veres,Lightweight
Colin Robinson,Heavyweight
James Lee,Light Heavyweight
Jordan Radev,Middleweight
Doug Evans,Lightweight
Jared Rollins,Welterweight
Billy Miles,Welterweight
Dan Barrera,Welterweight
Richie Hightower,Welterweight
John Kolosci,Welterweight
Dorian Price,Welterweight
Paul Georgieff,Welterweight
Jason Reinhardt,Lightweight
Luke Caudillo,Lightweight
Jason Black,Lightweight
Diego Saraiva,Lightweight
Scott Junk,Heavyweight
Edilberto de Oliveira,Welterweight
Jason Gilliam,Welterweight
Floyd Sword,Middleweight
Brandon Melendez,Lightweight
Andy Wang,Lightweight
Allen Berube,Lightweight
Brian Geraghty,Lightweight
Hector Ramirez,Light Heavyweight
Stevie Lynch,Welterweight
Chad Reiner,Welterweight
Sean Salmon,Light Heavyweight
Elvis Sinosic,Light Heavyweight
Assuerio Silva,Heavyweight
David Lee,Lightweight
Victor Valimaki,Light Heavyweight
Dennis Siver,Welterweight
Brad Imes,Heavyweight
Josh Haynes,Welterweight
Dokonjonosuke Mishima,Lightweight
Rex Holman,Light Heavyweight
Jason Gilliam,Lightweight
Marvin Eastman,Light Heavyweight
Chris Price,Middleweight
Ross Pointon,Welterweight
Jeff Joslin,Welterweight
Dave Menne,Welterweight
Steve Byrnes,Middleweight
Gleison Tibau,Welterweight
Sherman Pendergarst,Heavyweight
Josh Shockman,Heavyweight
Edwin DeWees,Middleweight
Jeremy Jackson,Welterweight
Gideon Ray,Middleweight
Justin James,Lightweight
Ken Shamrock,Light Heavyweight
Crafton Wallace,Middleweight
Josh Haynes,Middleweight
John Alessio,Welterweight
Mario Neto,Heavyweight
Danny Abbadi,Lightweight
Wes Combs,Light Heavyweight
Cory Walmsley,Light Heavyweight
Yuki Sasaki,Middleweight
Kristof Midoux,Heavyweight
Sammy Morgan,Welterweight
Pat Healy,Welterweight
Joe Jordan,Catch Weight
Gilbert Aldana,Heavyweight
Kurt Pellegrino,Welterweight
Branden Lee Hinkle,Light Heavyweight
Kristian Rothaermel,Light Heavyweight
Justin Levens,Middleweight
Josh Haynes,Light Heavyweight
Ross Pointon,Middleweight
Danny Abbadi,Middleweight
Solomon Hutcherson,Middleweight
Jesse Forbes,Light Heavyweight
Fabiano Scherner,Heavyweight
Rick Davis,Lightweight
Terry Martin,Light Heavyweight
Derrick Noble,Welterweight
Ansar Chalangov,Welterweight
Steve Vigneault,Middleweight
Icho Larenas,Heavyweight
Mike van Arsdale,Light Heavyweight
Mike Whitehead,Light Heavyweight
Aaron Riley,Welterweight
Kevin Jordan,Heavyweight
Jeff Newton,Light Heavyweight
Kit Cope,Welterweight
Kerry Schall,Heavyweight
Sean Gannon,Heavyweight
Dennis Hallman,Middleweight
Keigo Kunihara,Heavyweight
Ron Faircloth,Light Heavyweight
Brock Larson,Middleweight
Jeremy Horn,Light Heavyweight
Brian Gassaway,Welterweight
Bill Mahood,Light Heavyweight
Shonie Carter,Middleweight
Koji Oishi,Welterweight
Travis Wiuff,Light Heavyweight
Jason Miller,Welterweight
John Marsh,Heavyweight
Kenny Florian,Middleweight
Bobby Southworth,Light Heavyweight
Jason Thacker,Middleweight
Chris Sanford,Middleweight
Lodune Sincaid,Middleweight
Alex Schoenauer,Middleweight
Josh Rafferty,Welterweight
James Irvin,Heavyweight
Patrick Cote,Light Heavyweight
Robbie Lawler,Middleweight
Vernon White,Light Heavyweight
Ronald Jhun,Welterweight
Ivan Menjivar,Lightweight
Curtis Stout,Middleweight
Tiki Ghosn,Welterweight
Wes Sims,Heavyweight
Wade Shipp,Heavyweight
Mike Brown,Lightweight
Jeff Curran,Lightweight
Chris Liguori,Middleweight
Nick Agallar,Lightweight
Edwin DeWees,Light Heavyweight
Gerald Strebendt,Lightweight
Eddie Ruiz,Lightweight
Romie Aram,Welterweight
Sean Alvarez,Heavyweight
Richard Crunkilton,Lightweight
Alexandre Dantas,Heavyweight
Travis Wiuff,Heavyweight
Leigh Remedios,Lightweight
James Zikic,Light Heavyweight
Chris Haseman,Light Heavyweight
Nick Serra,Welterweight
Zach Light,Welterweight
Steve Berger,Welterweight
Rodrigo Ruas,Middleweight
Joao Pierini,Lightweight
Paul Creighton,Lightweight
Amar Suloev,Middleweight
Hayato Sakurai,Welterweight
Pat Miletich,Middleweight
Kelly Dullanty,Lightweight
Amar Suloev,Light Heavyweight
Chris Brennan,Welterweight
Homer Moore,Light Heavyweight
Roberto Traven,Heavyweight
Murilo Bustamante,Light Heavyweight
Yves Edwards,Welterweight
Gil Castillo,Middleweight
Fabiano Iha,Lightweight
Yuki Kondo,Light Heavyweight
Paul Rodriguez,Lightweight
Ricardo Almeida,Light Heavyweight
Joey Gilbert,Lightweight
Phil Johns,Welterweight
Mark Robinson,Heavyweight
Kenichi Yamamoto,Welterweight
Yoji Anjo,Middleweight
Daiju Takase,Welterweight
Jeff Monson,Middleweight
Aaron Brink,Heavyweight
John Lewis,Lightweight
Alex Stiebling,Middleweight
Dan Severn,Heavyweight
Laverne Clark,Welterweight
Alexandre Dantas,Middleweight
CJ Fernandes,Welterweight
David Dodd,Middleweight
Alex Andrade,Middleweight
Marcelo Aguiar,Welterweight
Joao Roque,Lightweight
Satoshi Honma,Heavyweight
Koji Oishi,Lightweight
Steve Judson,Heavyweight
Jermaine Andre,Middleweight
Tiki Ghosn,Lightweight
David Velasquez,Lightweight
Brad Gumm,Lightweight
Katsuhisa Fujii,Heavyweight
Jason DeLucia,Middleweight
Keiichiro Yamamiya,Middleweight
Daiju Takase,Open Weight
Masutatsu Yano,Open Weight
Jason Godsey,Heavyweight
Valeri Ignatov,Lightweight
Lowell Anderson,Middleweight
Alfonso Alcarez,Lightweight
Marco Ruas,Heavyweight
Andre Pederneiras,Welterweight
Daiju Takase,Middleweight
Flavio Luiz Moura,Middleweight
Royce Alger,Middleweight
Travis Fulton,Heavyweight
Tony Petarra,Middleweight
David Roberts,Lightweight
Chris Condo,Heavyweight
Guy Mezger,Middleweight
Valeri Ignatov,Middleweight
Joey Roberts,Heavyweight
Jorge Patino,Welterweight
Townsend Saunders,Lightweight
Darrel Gholar,Middleweight
Frank Caracci,Lightweight
John Lober,Light Heavyweight
Mikey Burnett,Welterweight
Hugo Duarte,Heavyweight
Joe Pardo,Heavyweight
Bob Gilstrap,Middleweight
Allan Goes,Middleweight
Noe Hernandez,Middleweight
Igor Zinoviev,Light Heavyweight
Chris Brennan,Lightweight
Eugenio Tadeu,Lightweight
Marcus Silveira,Heavyweight
Joe Charles,Heavyweight
Kevin Jackson,Light Heavyweight
Yoji Anjo,Heavyweight
Carlos Barreto,Heavyweight
Greg Stott,Heavyweight
Houston Dorr,Heavyweight
Harry Moskowitz,Heavyweight
Brian Johnston,Heavyweight
Moti Horenstein,Heavyweight
Todd Butler,Lightweight
Yuri Vaulin,Lightweight
Sam Fulton,Heavyweight
Donnie Chappell,Lightweight
Tony Halme,Heavyweight
Dmitri Stepanov,Heavyweight
Royce Alger,Lightweight
Christophe Leninger,Lightweight
Saeed Hosseini,Lightweight
Wes Albritton,Lightweight
Nick Sanzo,Lightweight
Jim Mullen,Heavyweight
Wallid Ismail,Lightweight
Rainy Martinez,Lightweight
David Abbott,Catch Weight
Fabio Gurgel,Open Weight
Sam Adkins,Open Weight
Reza Nasri,Open Weight
Julian Sanchez,Open Weight
John Campetella,Open Weight
Moti Horenstein,Open Weight
Scott Fiedler,Open Weight
Dieusel Berto,Open Weight
Amaury Bitetti,Open Weight
Koji Kitao,Open Weight
Matt Andersen,Open Weight
Zane Frazier,Open Weight
Tai Bowden,Open Weight
Gary Goodridge,Catch Weight
Kimo Leopoldo,Catch Weight
Paul Herrera,Open Weight
Joe Moreira,Open Weight
Thomas Ramirez,Open Weight
Paul Varelans,Catch Weight
Larry Cureton,Open Weight
Ryan Parker,Open Weight
Gerry Harris,Open Weight
David Hood,Open Weight
Anthony Macias,Open Weight
Rudyard Moncayo,Open Weight
John Matua,Open Weight
Dave Beneteau,Catch Weight
Joe Charles,Open Weight
Ernie Verdicia,Open Weight
Andy Anderson,Open Weight
Asbel Cancio,Open Weight
Marcus Bossett,Open Weight
Melton Bowen,Open Weight
Joe Son,Open Weight
Ron van Clief,Open Weight
Jason Fairn,Open Weight
Harold Howard,Catch Weight
Felix Lee Mitchell,Open Weight
Roland Payne,Open Weight
Christophe Leninger,Open Weight
Emmanuel Yarborough,Open Weight
Patrick Smith,Catch Weight
Fred Ettish,Open Weight
Minoki Ichihara,Open Weight
Scott Baker,Open Weight
Alberta Cerra Leon,Open Weight
Robert Lucarelli,Open Weight
Thaddeus Luster,Open Weight
David Levicki,Open Weight
Ray Wizard,Open Weight
Sean Daugherty,Open Weight
Gerard Gordeau,Catch Weight
Trent Jenkins,Open Weight
Art Jimmerson,Open Weight
Teila Tuli,Open Weight
